truth,scenario,design,n,contrast_true,contrast_fit,bias,bias_se,dz,r_wd,p,acc_std,acc_str,acc_str_0,acc_str_90,floor,thr_drift_0,thr_drift_90
effect,no change,old,149,-0.4863964782074896,-0.492672371695705,-0.00627589348821521,0.07157150440480155,-0.5390839069678166,0.6534798431296903,7.613147490174404e-10,0.7061898488141991,,,,0.23587396438567004,-0.007815379175616123,0.023814018605234306
effect,no change,two-track,149,-0.4858940368261684,-0.5418988593874239,-0.05600482256125545,0.057705787148649955,-0.6808752249021452,0.7047916211132215,5.6098541301259107e-14,0.7073077084193063,0.8748432194404062,0.8709304812834223,0.8787822175850206,0.12306416177653637,-0.07949722863575813,0.05957466350146068
effect,"learning, both mappings",old,150,-0.4852941577530983,-0.5100623186184755,-0.02476816086537711,0.06951392254980897,-0.5624826202781881,0.6712730223936668,1.4732356010725035e-10,0.7165781679913305,,,,0.2505572113072113,-0.26764725606197537,-0.2202575133983124
effect,"learning, both mappings",two-track,149,-0.4858940368261684,-0.4926187405824221,-0.006724703756253763,0.06176661232146066,-0.5833087386278983,0.6573998525460923,4.343006545678733e-11,0.7175422859547025,0.8786595224894457,0.8732043120278414,0.884151345101799,0.13356256341206174,-0.352687561323782,-0.202961370743063
effect,drop once feedback stops,old,132,-0.49340373965562506,-0.5063660995023197,-0.012962359846694622,0.07396579895768225,-0.5565060134461566,0.6009511431537194,2.6205486878736844e-09,0.6899324580574091,,,,0.22351329718350996,0.44712135230909356,0.4643869918607509
effect,drop once feedback stops,two-track,138,-0.4973605320769705,-0.48916477081619847,0.008195761260772138,0.06105651845657097,-0.6137775479105297,0.671925882240904,3.426297579402102e-11,0.6914599590224626,0.8787463991278329,0.8776195569136747,0.8799712276214834,0.13086923685882018,0.3881778718535724,0.48922608073907764
effect,"learning, 90 deg faster",old,150,-0.4852941577530983,-0.6588469120798349,-0.17355275432673647,0.06916966689166323,-0.7302646092318105,0.6814945552853232,1.3596532966781983e-15,0.7163176211414185,,,,0.2504716672216672,-0.12716686544436806,-0.3483070396962033
effect,"learning, 90 deg faster",two-track,150,-0.4852941577530983,-0.502508523989739,-0.017214366236640615,0.0560168092404223,-0.6486699733024351,0.6858596511772916,4.4051371902140696e-13,0.7174552407486439,0.8793526759188524,0.8735912061794414,0.8851141456582633,0.13455611055611053,-0.20484110315761817,-0.3209310218994413
effect,"slope rises, 90 deg only",old,148,-0.48146126875961265,-0.6643724800561162,-0.1829112112965034,0.06586192768591102,-0.7585637805774273,0.7061392284230779,2.7707286886787525e-16,0.7048603593482028,,,,0.29057822304466596,-0.007815379175616123,0.06362656193674068
effect,"slope rises, 90 deg only",two-track,149,-0.4858940368261684,-0.6291599787572152,-0.14326594193104683,0.055748821780333545,-0.8189283224616348,0.715866453810663,2.6838351782666215e-18,0.70652442591635,0.8807996990222053,0.8709304812834223,0.8907351531216513,0.13871602199361394,-0.07949722863575813,0.07455526638682222
effect,"faster learning + slope, 90",old,150,-0.4852941577530983,-0.8748650515580586,-0.3895708938049602,0.06465441931416388,-1.0309214623364875,0.6954100923134815,2.609413584207569e-25,0.7158710959645562,,,,0.308772533022533,-0.12716686544436806,-0.33691050473827694
effect,"faster learning + slope, 90",two-track,150,-0.4852941577530983,-0.5409022047580307,-0.05560804700493241,0.053517083855371746,-0.7312992259161851,0.6852116521211129,1.2618566550086865e-15,0.7171198270090264,0.8861688523894407,0.8735912061794414,0.8987464985994397,0.14769920819920818,-0.20484110315761817,-0.3069326995344368
null,no change,old,149,0.0244291455585011,0.10218354765679166,0.07775440209829057,0.06574747410260867,0.11963927020337498,0.6533077371473175,0.14630430819806303,0.7061898488141991,,,,0.31617240990150686,-0.007815379175616123,0.023814018605234306
null,no change,two-track,149,0.024931586939822305,0.036271557037749466,0.011339970097927168,0.04893459108503044,0.05228051169234422,0.6725939889835699,0.524352498596713,0.7073077084193063,0.8748432194404062,0.8709304812834223,0.8787822175850206,0.1822439359228657,-0.07949722863575813,0.05957466350146068
null,"learning, both mappings",old,150,0.025531466012892367,0.019608394019455227,-0.005923071993437142,0.0694066349771055,0.021795297035235597,0.6369990876028021,0.7898869275879993,0.7165781679913305,,,,0.3321399711399711,-0.26764725606197537,-0.2202575133983124
null,"learning, both mappings",two-track,149,0.024931586939822305,0.05752919844621861,0.03259761150639629,0.050563467875889286,0.0813313923845055,0.6298626301192625,0.32243940118797265,0.7175422859547025,0.8786595224894457,0.8732043120278414,0.884151345101799,0.19253308935583183,-0.352687561323782,-0.202961370743063
null,drop once feedback stops,old,132,0.01742188411036565,0.016456816358304264,-0.0009650677520613993,0.07499210953762757,0.01793683824825044,0.5626185869649977,0.8370494560831141,0.6899324580574091,,,,0.30939521471436365,0.44712135230909356,0.4643869918607509
null,drop once feedback stops,two-track,138,0.013465091689020218,0.029940187383267893,0.016475095694247665,0.05589172225217609,0.04125260468702035,0.642743907665407,0.62872806094307,0.6914599590224626,0.8787463991278329,0.8776195569136747,0.8799712276214834,0.1947273791023791,0.3881778718535724,0.48922608073907764
null,"learning, 90 deg faster",old,150,0.025531466012892367,-0.09524198051148126,-0.12077344652437363,0.0670744961757238,-0.10684431716889586,0.6417782038159758,0.1926947874536648,0.7163176211414185,,,,0.3330089817589818,-0.12716686544436806,-0.3483070396962033
null,"learning, 90 deg faster",two-track,150,0.025531466012892367,0.046859982597304964,0.021328516584412587,0.049977115020073265,0.06726305407055701,0.660331065522823,0.41136942704394297,0.7174552407486439,0.8793526759188524,0.8735912061794414,0.8851141456582633,0.18894314019314018,-0.20484110315761817,-0.3209310218994413
null,"slope rises, 90 deg only",old,148,0.029364355006377987,-0.0688890014711643,-0.09825335647754227,0.06014195964562257,-0.08397419909020801,0.6773520702880379,0.3086531883566171,0.7048603593482028,,,,0.37114612643136136,-0.007815379175616123,0.06362656193674068
null,"slope rises, 90 deg only",two-track,149,0.024931586939822305,-0.05098956233204191,-0.07592114927186423,0.04615727369550017,-0.07758890377404591,0.6662000974042767,0.3451350495797447,0.70652442591635,0.8807996990222053,0.8709304812834223,0.8907351531216513,0.19789579613994335,-0.07949722863575813,0.07455526638682222
null,"faster learning + slope, 90",old,150,0.025531466012892367,-0.31126011998970493,-0.3367915860025973,0.06336767741441518,-0.36710117405347864,0.6073859926393411,1.3825419641106836e-05,0.7158710959645562,,,,0.3913098475598476,-0.12716686544436806,-0.33691050473827694
null,"faster learning + slope, 90",two-track,150,0.025531466012892367,0.00846630182901316,-0.017065164183879187,0.04535418656718492,0.013266485775470186,0.6491936128064719,0.8711475440086675,0.7171198270090264,0.8861688523894407,0.8735912061794414,0.8987464985994397,0.20208623783623783,-0.20484110315761817,-0.3069326995344368
